{
  "N": 1288,
  "Threshold": 0.5,
  "Accuracy": 0.718944099378882,
  "Recall": 0.5747303543913713,
  "Specificity": 0.865414710485133,
  "Precision": 0.8126361655773421,
  "F1": 0.6732851985559566,
  "AUROC": 0.8401079305829843,
  "AUPRC": 0.8019764816050959,
  "TN": 553,
  "FP": 86,
  "FN": 276,
  "TP": 373
}