{
  "N": 1288,
  "Threshold": 0.5,
  "Accuracy": 0.7593167701863354,
  "Recall": 0.7688751926040062,
  "Specificity": 0.7496087636932708,
  "Precision": 0.7572078907435509,
  "F1": 0.7629969418960245,
  "AUROC": 0.8414148648094697,
  "AUPRC": 0.8005582778390774,
  "TN": 479,
  "FP": 160,
  "FN": 150,
  "TP": 499
}