{
  "Accuracy": 0.5108695652173914,
  "Precision": 0.5074276778733385,
  "Recall": 1.0,
  "Specificity": 0.014084507042253521,
  "F1": 0.6732365145228215,
  "AUROC": 0.6165751571576351,
  "AUPRC": 0.5932477489181738,
  "TN": 9,
  "FP": 630,
  "FN": 0,
  "TP": 649,
  "Threshold": 0.5,
  "N": 1288
}