{
  "Accuracy": 0.7228260869565217,
  "Precision": 0.7362459546925566,
  "Recall": 0.7010785824345146,
  "Specificity": 0.7449139280125195,
  "F1": 0.718232044198895,
  "TN": 476,
  "FP": 163,
  "FN": 194,
  "TP": 455,
  "Threshold": 0.5,
  "N": 1288,
  "AUROC": 0.8013616711396612,
  "AUPRC": 0.7711056659754586
}