{
  "Accuracy": 0.5900621118012422,
  "Precision": 0.5520206362854686,
  "Recall": 0.9892141756548536,
  "Specificity": 0.18466353677621283,
  "F1": 0.7086092715231788,
  "TN": 118,
  "FP": 521,
  "FN": 7,
  "TP": 642,
  "Threshold": 0.5,
  "N": 1288,
  "AUROC": 0.7128614866738524,
  "AUPRC": 0.680582245686489
}